Group,Variable,Distribution,Dist_file
BENCHMARK,Ps,{'fixed_value': 0.0016},
BENCHMARK,Tobs,{'fixed_value': 4.2},
BENCHMARK,frequency,"{'distr': <scipy.stats._continuous_distns.uniform_gen object at 0x000001E9D1F62BE0>, 'stats': 'RSS', 'params': (8.0, 64.0), 'name': 'uniform', 'model': <scipy.stats._distn_infrastructure.rv_continuous_frozen object at 0x000001E9CD61FA90>, 'score': 0.2929687499999999, 'loc': 8.0, 'scale': 64.0, 'arg': (), 'CII_min_alpha': 11.2, 'CII_max_alpha': 68.8}",BENCHMARK_frequency_ML_subsample_dist.pickle
BENCHMARK,phase,"{'distr': <scipy.stats._continuous_distns.uniform_gen object at 0x000001E9D1F62BE0>, 'stats': 'RSS', 'params': (0.0, 1.0), 'name': 'uniform', 'model': <scipy.stats._distn_infrastructure.rv_continuous_frozen object at 0x000001E9D69886D0>, 'score': 1199.999999999999, 'loc': 0.0, 'scale': 1.0, 'arg': (), 'CII_min_alpha': 0.05, 'CII_max_alpha': 0.95}",BENCHMARK_phase_ML_subsample_dist.pickle
BENCHMARK,amplitudeRV,"{'distr': <scipy.stats._continuous_distns.uniform_gen object at 0x000001E9D1F62BE0>, 'stats': 'RSS', 'params': (0.1, 1.4), 'name': 'uniform', 'model': <scipy.stats._distn_infrastructure.rv_continuous_frozen object at 0x000001E9D6991C40>, 'score': 612.2448979591829, 'loc': 0.1, 'scale': 1.4, 'arg': (), 'CII_min_alpha': 0.16999999999999998, 'CII_max_alpha': 1.43}",BENCHMARK_amplitudeRV_ML_subsample_dist.pickle
BENCHMARK,offsetRV,{'fixed_value': 0.0},
BENCHMARK,refepochRV,"{'distr': <scipy.stats._continuous_distns.lognorm_gen object at 0x000001E9D1F269D0>, 'stats': 'RSS', 'params': (1.824209567273122, 2457392.1392008574, 58.491498655143936), 'name': 'lognorm', 'model': <scipy.stats._distn_infrastructure.rv_continuous_frozen object at 0x000001E9D6CE0490>, 'score': 1.1837981117118272e-05, 'loc': 2457392.1392008574, 'scale': 58.491498655143936, 'arg': (1.824209567273122,), 'CII_min_alpha': 2457395.049697396, 'CII_max_alpha': 2458567.62777107}",BENCHMARK_refepochRV_ML_subsample_dist.pickle
RV,noiseRV,"{'distr': <scipy.stats._continuous_distns.beta_gen object at 0x000001E9D1E71820>, 'stats': 'RSS', 'params': (88.54741970844037, 79870975.49171558, -4.953223041757079, 6034317.232890433), 'name': 'beta', 'model': <scipy.stats._distn_infrastructure.rv_continuous_frozen object at 0x000001E9D6BD4460>, 'score': 0.004104887483361606, 'loc': -4.953223041757079, 'scale': 6034317.232890433, 'arg': (88.54741970844037, 79870975.49171558), 'CII_min_alpha': 0.6117240017881427, 'CII_max_alpha': 2.9473248798256124}",RV_noiseRV_ML_subsample_dist.pickle
RV,samplingperiodRV,"{'distr': <scipy.stats._continuous_distns.pareto_gen object at 0x000001E9D1F451F0>, 'stats': 'RSS', 'params': (3.659716211858567, -44.686247497657206, 44.68942303336214), 'name': 'pareto', 'model': <scipy.stats._distn_infrastructure.rv_continuous_frozen object at 0x000001E9D719B910>, 'score': 0.0001939853277702803, 'loc': -44.686247497657206, 'scale': 44.68942303336214, 'arg': (3.659716211858567,), 'CII_min_alpha': 0.6339366982763082, 'CII_max_alpha': 56.63604063936505}",RV_samplingperiodRV_ML_subsample_dist.pickle
RV,numpointsRV,"{'distr': <scipy.stats._continuous_distns.pareto_gen object at 0x000001E9D1F451F0>, 'stats': 'RSS', 'params': (2.8008200373566106, -94.9830553837656, 98.98305538376559), 'name': 'pareto', 'model': <scipy.stats._distn_infrastructure.rv_continuous_frozen object at 0x000001E9D6DE49D0>, 'score': 5.166729538930795e-05, 'loc': -94.9830553837656, 'scale': 98.98305538376559, 'arg': (2.8008200373566106,), 'CII_min_alpha': 5.829443813428696, 'CII_max_alpha': 193.4721508343731}",RV_numpointsRV_ML_subsample_dist.pickle
