Group,Variable,Distribution,Dist_file
BENCHMARK,Ps,{'fixed_value': 0.0016},
BENCHMARK,Tobs,{'fixed_value': 4.2},
BENCHMARK,frequency,"{'distr': <scipy.stats._continuous_distns.uniform_gen object at 0x0000028BE0BCC430>, 'stats': 'RSS', 'params': (8.0, 64.0), 'name': 'uniform', 'model': <scipy.stats._distn_infrastructure.rv_frozen object at 0x0000028BE633C580>, 'score': 0.2929687499999999, 'loc': 8.0, 'scale': 64.0, 'arg': (), 'CII_min_alpha': 11.2, 'CII_max_alpha': 68.8}",BENCHMARK_frequency_PG_subsample_dist.pickle
BENCHMARK,phase,"{'distr': <scipy.stats._continuous_distns.uniform_gen object at 0x0000028BE0BCC430>, 'stats': 'RSS', 'params': (0.0, 1.0), 'name': 'uniform', 'model': <scipy.stats._distn_infrastructure.rv_frozen object at 0x0000028BE633C820>, 'score': 1199.999999999999, 'loc': 0.0, 'scale': 1.0, 'arg': (), 'CII_min_alpha': 0.05, 'CII_max_alpha': 0.95}",BENCHMARK_phase_PG_subsample_dist.pickle
BENCHMARK,amplitudeRV,"{'distr': <scipy.stats._continuous_distns.uniform_gen object at 0x0000028BE0BCC430>, 'stats': 'RSS', 'params': (0.1, 1.4), 'name': 'uniform', 'model': <scipy.stats._distn_infrastructure.rv_frozen object at 0x0000028BE6354D00>, 'score': 612.2448979591829, 'loc': 0.1, 'scale': 1.4, 'arg': (), 'CII_min_alpha': 0.16999999999999998, 'CII_max_alpha': 1.43}",BENCHMARK_amplitudeRV_PG_subsample_dist.pickle
BENCHMARK,offsetRV,{'fixed_value': 0.0},
BENCHMARK,refepochRV,"{'distr': <scipy.stats._continuous_distns.lognorm_gen object at 0x0000028BE0B96190>, 'stats': 'RSS', 'params': (2.6578827233987, 2457395.239272453, 52.632344208402564), 'name': 'lognorm', 'model': <scipy.stats._distn_infrastructure.rv_frozen object at 0x0000028BE685B910>, 'score': 6.305664173152621e-06, 'loc': 2457395.239272453, 'scale': 52.632344208402564, 'arg': (2.6578827233987,), 'CII_min_alpha': 2457395.903920788, 'CII_max_alpha': 2461563.1029553674}",BENCHMARK_refepochRV_PG_subsample_dist.pickle
RV,noiseRV,"{'distr': <scipy.stats._continuous_distns.norm_gen object at 0x0000028BE0B1AA90>, 'stats': 'RSS', 'params': (8.535036123951066, 89.97889485615188), 'name': 'norm', 'model': <scipy.stats._distn_infrastructure.rv_frozen object at 0x0000028BE6EA7BE0>, 'score': 0.0001339330392024855, 'loc': 8.535036123951066, 'scale': 89.97889485615188, 'arg': (), 'CII_min_alpha': -139.46707542927558, 'CII_max_alpha': 156.53714767717767}",RV_noiseRV_PG_subsample_dist.pickle
RV,samplingperiodRV,"{'distr': <scipy.stats._continuous_distns.lognorm_gen object at 0x0000028BE0B96190>, 'stats': 'RSS', 'params': (1.1600992297316388, -0.2157972073647214, 8.349209340665492), 'name': 'lognorm', 'model': <scipy.stats._distn_infrastructure.rv_frozen object at 0x0000028BE6E876A0>, 'score': 0.00013841007176835932, 'loc': -0.2157972073647214, 'scale': 8.349209340665492, 'arg': (1.1600992297316388,), 'CII_min_alpha': 1.0227925240264313, 'CII_max_alpha': 56.06538682599565}",RV_samplingperiodRV_PG_subsample_dist.pickle
RV,numpointsRV,"{'distr': <scipy.stats._continuous_distns.lognorm_gen object at 0x0000028BE0B96190>, 'stats': 'RSS', 'params': (1.1172802597715854, 2.4839718720330977, 26.095804246534918), 'name': 'lognorm', 'model': <scipy.stats._distn_infrastructure.rv_frozen object at 0x0000028BE695BAF0>, 'score': 7.036079098207277e-05, 'loc': 2.4839718720330977, 'scale': 26.095804246534918, 'arg': (1.1172802597715854,), 'CII_min_alpha': 6.637724016510504, 'CII_max_alpha': 166.42995988166348}",RV_numpointsRV_PG_subsample_dist.pickle
