;Feature;Relative importance;Type;Description
0;freq1_rel_phase2;0.093;Lomb-Scargle (periodic);Get the relative phase of the jth harmonic of the ith frequency from a fitted Lomb-Scargle model.
1;cads_med;0.089;Cadence/Error;Median value of cads (discrete difference between times).
2;freq3_rel_phase4;0.088;Lomb-Scargle (periodic);Get the relative phase of the jth harmonic of the ith frequency from a fitted Lomb-Scargle model.
3;freq2_rel_phase3;0.081;Lomb-Scargle (periodic);Get the relative phase of the jth harmonic of the ith frequency from a fitted Lomb-Scargle model.
4;freq2_rel_phase4;0.076;Lomb-Scargle (periodic);Get the relative phase of the jth harmonic of the ith frequency from a fitted Lomb-Scargle model.
5;freq2_rel_phase2;0.072;Lomb-Scargle (periodic);Get the relative phase of the jth harmonic of the ith frequency from a fitted Lomb-Scargle model.
6;cad_probs_50000;0.06;Cadence/Error;Given the observed distribution of time lags cads, compute the probability that the next observation occurs within time minutes of an arbitrary epoch.
7;all_times_nhist_peak_1_to_3;0.055;Cadence/Error;Compute the ratio of the values of the ith and jth largest peaks. Peaks is a list of tuples (i, x[i]) of peak indices i and values x[i], sorted in decreasing order by peak value.
8;all_times_nhist_peak1_bin;0.053;Cadence/Error;Return the (bin) index of the ith largest peak. Peaks is a list of tuples (i, x[i]) of peak indices i and values x[i], sorted in decreasing order by peak value.
9;freq1_rel_phase3;0.049;Lomb-Scargle (periodic);Get the relative phase of the jth harmonic of the ith frequency from a fitted Lomb-Scargle model.
10;all_times_nhist_peak2_bin;0.047;Cadence/Error;Return the (bin) index of the ith largest peak. Peaks is a list of tuples (i, x[i]) of peak indices i and values x[i], sorted in decreasing order by peak value.
11;freq_model_phi1_phi2;0.043;Lomb-Scargle (periodic);Ratio of distances between the second minimum and first maximum, and the second minimum and second maximum, of the fitted Lomb-Scargle model.
12;all_times_nhist_peak4_bin;0.037;Cadence/Error;Return the (bin) index of the ith largest peak. Peaks is a list of tuples (i, x[i]) of peak indices i and values x[i], sorted in decreasing order by peak value.
13;all_times_nhist_peak_val;0.032;Cadence/Error;Peak value in histogram of all possible delta_t's.
14;avg_double_to_single_step;0.032;Cadence/Error;Mean value of ratios (t[i+2] - t[i]) / (t[i+2] - t[i+1]).
15;n_epochs;0.032;Cadence/Error;Total number of observed values.
16;percent_beyond_1_std;0.031;General;Percentage of values more than 1 std. dev. from the weighted average.
17;freq1_rel_phase4;0.029;Lomb-Scargle (periodic);Get the relative phase of the jth harmonic of the ith frequency from a fitted Lomb-Scargle model.
